id,property_id,check_in,check_out,nights,nightly_rate,total_cost,guest_count,adults,children,infants
1,1,2020-07-20,2020-07-30,10,329,3794.00,6,5,0,1
2,1,2020-07-23,2020-07-26,3,329,1260.70,4,2,2,0
3,1,2020-10-20,2020-10-30,10,329,3794.00,6,3,1,2
4,1,2020-08-18,2020-08-22,4,329,1622.60,6,4,2,0
5,1,2020-07-19,2020-07-28,9,329,3432.10,2,2,0,0
6,1,2020-12-28,2020-12-31,3,329,1260.70,7,6,1,0
7,2,2020-11-02,2020-11-12,10,438,4993.00,5,4,0,1
8,2,2020-08-16,2020-08-18,2,438,1138.60,5,3,0,2
9,2,2020-07-21,2020-07-27,6,438,3065.80,9,7,0,2
10,2,2020-11-26,2020-11-29,3,438,1620.40,8,8,0,0
11,2,2020-12-29,2021-01-05,7,438,3547.60,7,5,2,0
12,2,2020-10-20,2020-10-29,9,438,4511.20,9,7,1,1
13,2,2020-09-11,2020-09-14,3,438,1620.40,7,7,0,0
14,2,2020-07-19,2020-07-26,7,438,3547.60,4,1,2,1
15,2,2020-12-25,2021-01-01,7,438,3547.60,10,8,2,0
16,3,2020-08-04,2020-08-11,7,115,1060.50,6,5,0,1
17,3,2020-07-07,2020-07-12,5,115,807.50,8,5,2,1
18,3,2020-08-01,2020-08-07,6,115,934.00,8,8,0,0
19,3,2020-07-24,2020-07-28,4,115,681.00,2,1,1,0
20,3,2020-11-25,2020-12-04,9,115,1313.50,3,1,0,2
21,3,2020-10-28,2020-10-31,3,115,554.50,8,7,0,1
22,4,2020-10-10,2020-10-15,5,409,2424.50,3,1,1,1
23,4,2020-12-19,2020-12-26,7,409,3324.30,5,3,2,0
24,4,2020-11-20,2020-11-29,9,409,4224.10,4,2,1,1
25,4,2020-07-29,2020-07-30,1,409,624.90,5,1,2,2
26,4,2020-10-05,2020-10-10,5,409,2424.50,4,4,0,0
27,4,2020-11-11,2020-11-13,2,409,1074.80,5,5,0,0
28,4,2020-12-05,2020-12-14,9,409,4224.10,5,4,1,0
29,4,2020-06-18,2020-06-23,5,409,2424.50,1,1,0,0
30,4,2020-11-11,2020-11-15,4,409,1974.60,5,5,0,0
31,5,2020-06-23,2020-07-03,10,493,5598.00,3,3,0,0
32,5,2020-08-27,2020-09-05,9,493,5055.70,3,3,0,0
33,5,2020-08-19,2020-08-20,1,493,717.30,3,3,0,0
34,5,2020-12-18,2020-12-27,9,493,5055.70,3,2,1,0
35,5,2020-10-07,2020-10-10,3,493,1801.90,3,1,2,0
36,5,2020-07-04,2020-07-08,4,493,2344.20,3,3,0,0
37,5,2020-07-06,2020-07-09,3,493,1801.90,3,1,2,0
38,6,2020-08-10,2020-08-19,9,200,2155.00,6,3,2,1
39,6,2020-07-17,2020-07-21,4,200,1055.00,6,3,1,2
40,6,2020-12-10,2020-12-19,9,200,2155.00,6,4,2,0
41,6,2020-11-30,2020-12-02,2,200,615.00,6,6,0,0
42,6,2020-07-06,2020-07-11,5,200,1275.00,6,6,0,0
43,6,2020-11-11,2020-11-13,2,200,615.00,6,6,0,0
44,6,2020-12-11,2020-12-17,6,200,1495.00,4,2,0,2
45,6,2020-11-20,2020-11-27,7,200,1715.00,3,1,1,1
46,6,2020-07-15,2020-07-22,7,200,1715.00,6,5,1,0
47,7,2020-12-16,2020-12-21,5,352,2111.00,12,12,0,0
48,7,2020-11-26,2020-12-03,7,352,2885.40,12,11,1,0
49,7,2020-10-15,2020-10-20,5,352,2111.00,10,8,2,0
50,7,2020-09-02,2020-09-09,7,352,2885.40,11,8,2,1
51,7,2020-10-03,2020-10-04,1,352,562.20,5,2,1,2
52,7,2020-07-17,2020-07-18,1,352,562.20,12,12,0,0
53,8,2020-11-30,2020-12-10,10,271,3156.00,4,1,2,1
54,8,2020-12-15,2020-12-19,4,271,1367.40,6,2,2,2
55,8,2020-09-29,2020-10-04,5,271,1665.50,6,5,0,1
56,8,2020-10-10,2020-10-14,4,271,1367.40,6,6,0,0
57,8,2020-08-19,2020-08-26,7,271,2261.70,5,3,1,1
58,9,2020-07-07,2020-07-17,10,312,3607.00,5,5,0,0
59,9,2020-12-13,2020-12-23,10,312,3607.00,8,7,0,1
60,9,2020-07-22,2020-07-25,3,312,1204.60,5,2,1,2
61,9,2020-07-20,2020-07-24,4,312,1547.80,8,7,0,1
62,9,2020-08-25,2020-08-30,5,312,1891.00,9,8,1,0
63,9,2020-11-18,2020-11-25,7,312,2577.40,6,5,1,0
64,10,2020-10-05,2020-10-13,8,207,1996.60,3,1,1,1
65,10,2020-08-13,2020-08-17,4,207,1085.80,3,2,1,0
66,10,2020-10-27,2020-11-06,10,207,2452.00,3,2,1,0
67,10,2020-12-14,2020-12-23,9,207,2224.30,3,3,0,0
68,10,2020-09-16,2020-09-20,4,207,1085.80,3,2,1,0
69,10,2020-12-23,2020-12-25,2,207,630.40,1,1,0,0
70,10,2020-12-28,2021-01-04,7,207,1768.90,3,2,1,0
71,10,2020-11-05,2020-11-15,10,207,2452.00,3,3,0,0
72,10,2020-09-09,2020-09-17,8,207,1996.60,3,3,0,0
73,11,2020-08-26,2020-09-05,10,148,1803.00,12,10,0,2
74,11,2020-07-12,2020-07-14,2,148,500.60,8,4,2,2
75,11,2020-08-05,2020-08-08,3,148,663.40,5,5,0,0
76,11,2020-11-12,2020-11-19,7,148,1314.60,9,6,2,1
77,11,2020-07-03,2020-07-05,2,148,500.60,12,10,1,1
78,12,2020-12-28,2021-01-07,10,235,2760.00,5,3,2,0
79,12,2020-10-15,2020-10-24,9,235,2501.50,4,4,0,0
80,12,2020-12-04,2020-12-13,9,235,2501.50,4,3,0,1
81,12,2020-11-09,2020-11-10,1,235,433.50,4,1,2,1
82,12,2020-08-07,2020-08-10,3,235,950.50,4,1,1,2
83,13,2020-09-18,2020-09-27,9,279,2937.10,4,3,1,0
84,13,2020-06-22,2020-07-01,9,279,2937.10,11,11,0,0
85,13,2020-09-07,2020-09-16,9,279,2937.10,11,11,0,0
86,13,2020-10-05,2020-10-14,9,279,2937.10,9,6,2,1
87,13,2020-07-09,2020-07-18,9,279,2937.10,11,9,1,1
88,13,2020-09-12,2020-09-19,7,279,2323.30,3,3,0,0
89,13,2020-07-05,2020-07-09,4,279,1402.60,10,9,0,1
90,13,2020-12-25,2020-12-30,5,279,1709.50,8,6,2,0
91,13,2020-07-23,2020-07-26,3,279,1095.70,6,2,2,2
92,14,2020-06-27,2020-07-06,9,233,2481.70,7,4,2,1
93,14,2020-10-09,2020-10-11,2,233,687.60,10,10,0,0
94,14,2020-07-15,2020-07-21,6,233,1712.80,12,11,1,0
95,14,2020-08-09,2020-08-17,8,233,2225.40,8,8,0,0
96,14,2020-06-30,2020-07-10,10,233,2738.00,11,7,2,2
97,14,2020-11-16,2020-11-25,9,233,2481.70,6,3,1,2
98,14,2020-11-18,2020-11-25,7,233,1969.10,12,12,0,0
99,14,2020-11-19,2020-11-28,9,233,2481.70,2,1,0,1
100,14,2020-12-15,2020-12-22,7,233,1969.10,11,9,2,0
101,15,2020-12-02,2020-12-07,5,363,2171.50,7,7,0,0
102,15,2020-10-08,2020-10-10,2,363,973.60,7,7,0,0
103,15,2020-12-06,2020-12-12,6,363,2570.80,5,4,1,0
104,15,2020-07-29,2020-08-03,5,363,2171.50,7,7,0,0
105,15,2020-10-18,2020-10-21,3,363,1372.90,7,7,0,0
106,15,2020-11-24,2020-11-28,4,363,1772.20,7,7,0,0
107,15,2020-12-27,2021-01-01,5,363,2171.50,5,1,2,2
108,15,2020-11-12,2020-11-15,3,363,1372.90,4,2,2,0
109,16,2020-10-07,2020-10-11,4,497,2361.80,5,3,0,2
110,16,2020-08-10,2020-08-18,8,497,4548.60,4,4,0,0
111,16,2020-09-12,2020-09-15,3,497,1815.10,5,3,1,1
112,16,2020-06-25,2020-06-28,3,497,1815.10,3,3,0,0
113,16,2020-11-29,2020-12-09,10,497,5642.00,5,5,0,0
114,16,2020-11-11,2020-11-16,5,497,2908.50,5,5,0,0
115,16,2020-12-25,2021-01-04,10,497,5642.00,5,4,1,0
116,16,2020-07-29,2020-08-08,10,497,5642.00,5,5,0,0
117,16,2020-07-12,2020-07-21,9,497,5095.30,5,5,0,0
118,17,2020-06-23,2020-06-25,2,122,443.40,3,2,1,0
119,17,2020-06-30,2020-07-10,10,122,1517.00,3,3,0,0
120,17,2020-11-19,2020-11-24,5,122,846.00,3,1,1,1
121,17,2020-11-13,2020-11-19,6,122,980.20,1,1,0,0
122,17,2020-08-01,2020-08-05,4,122,711.80,3,1,2,0
123,17,2020-10-20,2020-10-26,6,122,980.20,3,2,1,0
124,17,2020-10-20,2020-10-24,4,122,711.80,3,1,0,2
125,18,2020-12-23,2020-12-25,2,370,989.00,6,6,0,0
126,18,2020-12-21,2020-12-23,2,370,989.00,3,1,0,2
127,18,2020-10-01,2020-10-06,5,370,2210.00,6,6,0,0
128,18,2020-11-30,2020-12-03,3,370,1396.00,3,2,1,0
129,18,2020-08-03,2020-08-09,6,370,2617.00,4,4,0,0
130,19,2020-08-03,2020-08-04,1,368,579.80,5,5,0,0
131,19,2020-08-27,2020-09-05,9,368,3818.20,3,3,0,0
132,19,2020-08-24,2020-08-31,7,368,3008.60,4,3,1,0
133,19,2020-06-21,2020-06-26,5,368,2199.00,5,4,1,0
134,19,2020-11-21,2020-11-30,9,368,3818.20,5,2,2,1
135,19,2020-10-21,2020-10-28,7,368,3008.60,4,1,1,2
136,19,2020-12-30,2021-01-03,4,368,1794.20,4,2,2,0
137,19,2020-07-01,2020-07-04,3,368,1389.40,3,2,1,0
138,20,2020-09-17,2020-09-23,6,378,2669.80,7,7,0,0
139,20,2020-09-04,2020-09-06,2,378,1006.60,6,4,0,2
140,20,2020-11-13,2020-11-14,1,378,590.80,5,1,2,2
141,20,2020-12-18,2020-12-28,10,378,4333.00,7,4,2,1
142,20,2020-11-24,2020-11-25,1,378,590.80,6,4,0,2
143,20,2020-11-16,2020-11-19,3,378,1422.40,7,5,1,1
144,20,2020-11-26,2020-12-05,9,378,3917.20,5,2,2,1
145,21,2020-06-24,2020-07-01,7,348,2854.60,4,2,1,1
146,21,2020-09-13,2020-09-17,4,348,1706.20,3,2,1,0
147,21,2020-11-06,2020-11-14,8,348,3237.40,4,4,0,0
148,21,2020-11-18,2020-11-19,1,348,557.80,4,1,2,1
149,21,2020-10-17,2020-10-18,1,348,557.80,3,3,0,0
150,21,2020-08-31,2020-09-01,1,348,557.80,4,3,1,0
151,21,2020-07-31,2020-08-07,7,348,2854.60,4,2,2,0
152,21,2020-11-28,2020-12-08,10,348,4003.00,3,2,1,0
153,21,2020-11-14,2020-11-18,4,348,1706.20,4,1,2,1
154,22,2020-11-13,2020-11-23,10,176,2111.00,7,4,2,1
155,22,2020-07-10,2020-07-19,9,176,1917.40,6,4,1,1
156,22,2020-06-17,2020-06-18,1,176,368.60,7,7,0,0
157,22,2020-08-21,2020-08-29,8,176,1723.80,6,6,0,0
158,22,2020-12-16,2020-12-26,10,176,2111.00,7,4,2,1
159,22,2020-07-25,2020-08-03,9,176,1917.40,7,7,0,0
160,22,2020-10-22,2020-10-29,7,176,1530.20,7,6,1,0
161,22,2020-06-19,2020-06-26,7,176,1530.20,4,4,0,0
162,23,2020-08-22,2020-08-23,1,115,301.50,4,3,1,0
163,23,2020-08-23,2020-09-01,9,115,1313.50,11,10,1,0
164,23,2020-09-25,2020-10-03,8,115,1187.00,8,6,1,1
165,23,2020-10-17,2020-10-18,1,115,301.50,7,7,0,0
166,23,2020-07-10,2020-07-15,5,115,807.50,10,10,0,0
167,23,2020-07-26,2020-07-28,2,115,428.00,6,4,0,2
168,24,2020-11-09,2020-11-16,7,220,1869.00,11,9,2,0
169,24,2020-09-11,2020-09-15,4,220,1143.00,3,3,0,0
170,24,2020-06-22,2020-06-28,6,220,1627.00,11,11,0,0
171,24,2020-10-11,2020-10-20,9,220,2353.00,2,1,0,1
172,24,2020-10-15,2020-10-18,3,220,901.00,11,11,0,0
173,24,2020-09-11,2020-09-16,5,220,1385.00,8,6,0,2
174,24,2020-11-01,2020-11-10,9,220,2353.00,7,5,1,1
175,24,2020-12-13,2020-12-21,8,220,2111.00,11,10,1,0
176,25,2020-07-06,2020-07-15,9,451,4639.90,4,1,1,2
177,25,2020-11-30,2020-12-04,4,451,2159.40,1,1,0,0
178,25,2020-09-17,2020-09-23,6,451,3151.60,5,2,2,1
179,25,2020-10-21,2020-10-24,3,451,1663.30,11,11,0,0
180,25,2020-11-05,2020-11-11,6,451,3151.60,11,9,0,2
181,25,2020-12-17,2020-12-18,1,451,671.10,11,8,2,1
182,25,2020-09-06,2020-09-07,1,451,671.10,11,10,1,0
183,25,2020-09-16,2020-09-25,9,451,4639.90,9,5,2,2
184,25,2020-08-22,2020-08-23,1,451,671.10,11,11,0,0
185,26,2020-10-21,2020-10-31,10,377,4322.00,4,4,0,0
186,26,2020-10-24,2020-10-27,3,377,1419.10,6,5,1,0
187,26,2020-06-18,2020-06-28,10,377,4322.00,3,1,2,0
188,26,2020-08-23,2020-09-01,9,377,3907.30,6,5,1,0
189,26,2020-08-30,2020-09-01,2,377,1004.40,4,1,2,1
190,27,2020-08-15,2020-08-22,7,278,2315.60,4,4,0,0
191,27,2020-07-20,2020-07-29,9,278,2927.20,5,4,1,0
192,27,2020-10-26,2020-10-31,5,278,1704.00,3,2,0,1
193,27,2020-11-10,2020-11-15,5,278,1704.00,5,3,2,0
194,27,2020-10-07,2020-10-16,9,278,2927.20,5,3,1,1
195,27,2020-09-05,2020-09-12,7,278,2315.60,2,1,1,0
196,27,2020-11-24,2020-11-30,6,278,2009.80,5,4,1,0
197,27,2020-07-07,2020-07-09,2,278,786.60,5,3,2,0
198,27,2020-11-05,2020-11-09,4,278,1398.20,5,4,1,0
199,28,2020-12-22,2020-12-31,9,456,4689.40,6,4,0,2
200,28,2020-08-01,2020-08-09,8,456,4187.80,2,1,0,1
201,28,2020-09-21,2020-09-27,6,456,3184.60,2,2,0,0
202,28,2020-08-25,2020-08-30,5,456,2683.00,5,3,0,2
203,28,2020-10-08,2020-10-17,9,456,4689.40,6,6,0,0
204,28,2020-07-11,2020-07-15,4,456,2181.40,6,4,2,0
205,29,2020-08-03,2020-08-09,6,132,1046.20,2,1,1,0
206,29,2020-08-13,2020-08-14,1,132,320.20,5,2,2,1
207,29,2020-09-16,2020-09-26,10,132,1627.00,5,2,1,2
208,29,2020-10-30,2020-11-01,2,132,465.40,2,2,0,0
209,29,2020-12-03,2020-12-12,9,132,1481.80,6,2,2,2
210,29,2020-09-02,2020-09-08,6,132,1046.20,6,6,0,0
211,29,2020-10-08,2020-10-16,8,132,1336.60,4,2,1,1
212,30,2020-12-28,2021-01-03,6,495,3442.00,9,9,0,0
213,30,2020-08-10,2020-08-15,5,495,2897.50,12,11,1,0
214,30,2020-11-26,2020-11-29,3,495,1808.50,10,10,0,0
215,30,2020-09-04,2020-09-09,5,495,2897.50,12,8,2,2
216,30,2020-11-03,2020-11-09,6,495,3442.00,12,11,1,0
217,30,2020-09-02,2020-09-11,9,495,5075.50,12,12,0,0
218,31,2020-09-05,2020-09-11,6,341,2425.60,2,1,0,1
219,31,2020-10-11,2020-10-14,3,341,1300.30,4,2,2,0
220,31,2020-12-18,2020-12-25,7,341,2800.70,4,2,1,1
221,31,2020-12-11,2020-12-19,8,341,3175.80,4,4,0,0
222,31,2020-09-11,2020-09-13,2,341,925.20,3,2,1,0
223,32,2020-11-20,2020-11-23,3,347,1320.10,6,6,0,0
224,32,2020-09-28,2020-10-04,6,347,2465.20,9,7,1,1
225,32,2020-11-06,2020-11-15,9,347,3610.30,10,8,1,1
226,32,2020-09-09,2020-09-19,10,347,3992.00,10,10,0,0
227,32,2020-12-19,2020-12-20,1,347,556.70,9,8,0,1
228,32,2020-07-30,2020-08-04,5,347,2083.50,3,2,1,0
229,32,2020-06-21,2020-06-22,1,347,556.70,10,10,0,0
230,32,2020-12-03,2020-12-05,2,347,938.40,8,4,2,2
231,33,2020-08-12,2020-08-14,2,423,1105.60,8,6,0,2
232,33,2020-09-12,2020-09-17,5,423,2501.50,3,2,1,0
233,33,2020-12-22,2020-12-26,4,423,2036.20,8,6,1,1
234,33,2020-07-07,2020-07-09,2,423,1105.60,7,3,2,2
235,33,2020-09-09,2020-09-17,8,423,3897.40,10,10,0,0
236,33,2020-12-10,2020-12-14,4,423,2036.20,7,4,2,1
237,34,2020-08-02,2020-08-09,7,476,3840.20,11,7,2,2
238,34,2020-09-01,2020-09-11,10,476,5411.00,4,4,0,0
239,34,2020-09-23,2020-09-30,7,476,3840.20,10,7,1,2
240,34,2020-09-15,2020-09-17,2,476,1222.20,5,4,1,0
241,34,2020-10-11,2020-10-17,6,476,3316.60,9,9,0,0
242,34,2020-09-24,2020-09-29,5,476,2793.00,5,2,1,2
243,34,2020-10-19,2020-10-26,7,476,3840.20,2,1,1,0
244,35,2020-09-13,2020-09-21,8,295,2771.00,2,2,0,0
245,35,2020-10-28,2020-11-07,10,295,3420.00,2,2,0,0
246,35,2020-11-02,2020-11-12,10,295,3420.00,2,1,1,0
247,35,2020-12-21,2020-12-31,10,295,3420.00,2,2,0,0
248,35,2020-06-18,2020-06-26,8,295,2771.00,2,2,0,0
249,35,2020-12-21,2020-12-22,1,295,499.50,2,1,1,0
250,35,2020-11-26,2020-12-05,9,295,3095.50,2,1,1,0
251,36,2020-12-09,2020-12-14,5,239,1489.50,3,2,0,1
252,36,2020-06-19,2020-06-29,10,239,2804.00,1,1,0,0
253,36,2020-10-02,2020-10-06,4,239,1226.60,3,3,0,0
254,36,2020-11-09,2020-11-10,1,239,437.90,3,3,0,0
255,36,2020-07-18,2020-07-24,6,239,1752.40,3,2,1,0
256,36,2020-12-14,2020-12-24,10,239,2804.00,3,1,2,0
257,37,2020-10-20,2020-10-26,6,186,1402.60,6,6,0,0
258,37,2020-11-15,2020-11-17,2,186,584.20,12,12,0,0
259,37,2020-12-21,2020-12-27,6,186,1402.60,4,1,1,2
260,37,2020-09-29,2020-10-04,5,186,1198.00,12,11,0,1
261,37,2020-10-03,2020-10-08,5,186,1198.00,10,8,2,0
262,37,2020-07-02,2020-07-07,5,186,1198.00,8,5,1,2
263,37,2020-11-27,2020-12-02,5,186,1198.00,10,8,0,2
264,38,2020-07-13,2020-07-23,10,421,4806.00,2,2,0,0
265,38,2020-10-23,2020-10-24,1,421,638.10,5,2,1,2
266,38,2020-07-13,2020-07-16,3,421,1564.30,5,4,0,1
267,38,2020-11-27,2020-12-06,9,421,4342.90,2,1,1,0
268,38,2020-12-25,2020-12-31,6,421,2953.60,5,3,1,1
269,38,2020-09-06,2020-09-11,5,421,2490.50,7,6,1,0
270,38,2020-08-03,2020-08-10,7,421,3416.70,4,2,2,0
271,39,2020-12-22,2020-12-25,3,103,514.90,6,4,2,0
272,39,2020-07-09,2020-07-19,10,103,1308.00,7,7,0,0
273,39,2020-12-26,2020-12-30,4,103,628.20,8,8,0,0
274,39,2020-10-08,2020-10-17,9,103,1194.70,3,1,1,1
275,39,2020-11-18,2020-11-24,6,103,854.80,8,8,0,0
276,39,2020-10-05,2020-10-13,8,103,1081.40,2,1,1,0
277,39,2020-11-30,2020-12-04,4,103,628.20,5,3,0,2
278,39,2020-10-14,2020-10-23,9,103,1194.70,8,6,2,0
279,39,2020-06-28,2020-07-07,9,103,1194.70,6,5,1,0
280,40,2020-11-29,2020-12-03,4,319,1578.60,4,4,0,0
281,40,2020-07-31,2020-08-03,3,319,1227.70,9,5,2,2
282,40,2020-08-04,2020-08-07,3,319,1227.70,8,6,2,0
283,40,2020-09-27,2020-09-28,1,319,525.90,9,7,2,0
284,40,2020-09-02,2020-09-06,4,319,1578.60,5,5,0,0
285,41,2020-09-21,2020-09-29,8,378,3501.40,3,3,0,0
286,41,2020-09-02,2020-09-06,4,378,1838.20,3,3,0,0
287,41,2020-11-26,2020-12-06,10,378,4333.00,3,3,0,0
288,41,2020-07-25,2020-08-01,7,378,3085.60,3,2,1,0
289,41,2020-12-11,2020-12-21,10,378,4333.00,3,2,1,0
290,41,2020-12-04,2020-12-05,1,378,590.80,2,2,0,0
291,41,2020-10-02,2020-10-07,5,378,2254.00,3,2,1,0
292,41,2020-12-15,2020-12-24,9,378,3917.20,3,3,0,0
293,41,2020-08-21,2020-08-29,8,378,3501.40,3,3,0,0
294,42,2020-07-22,2020-08-01,10,177,2122.00,2,1,0,1
295,42,2020-07-20,2020-07-25,5,177,1148.50,3,1,1,1
296,42,2020-12-14,2020-12-21,7,177,1537.90,1,1,0,0
297,42,2020-07-24,2020-07-28,4,177,953.80,5,4,1,0
298,42,2020-08-03,2020-08-04,1,177,369.70,5,4,0,1
299,42,2020-12-03,2020-12-10,7,177,1537.90,5,5,0,0
300,43,2020-08-28,2020-08-29,1,140,329.00,10,8,0,2
301,43,2020-08-07,2020-08-12,5,140,945.00,11,10,0,1
302,43,2020-07-08,2020-07-11,3,140,637.00,6,5,0,1
303,43,2020-10-05,2020-10-06,1,140,329.00,10,6,2,2
304,43,2020-11-06,2020-11-14,8,140,1407.00,11,10,1,0
305,43,2020-11-06,2020-11-07,1,140,329.00,6,5,1,0
306,43,2020-09-05,2020-09-14,9,140,1561.00,11,10,1,0
307,43,2020-09-10,2020-09-16,6,140,1099.00,10,7,1,2
308,43,2020-11-10,2020-11-18,8,140,1407.00,3,1,0,2
309,44,2020-07-28,2020-07-31,3,204,848.20,8,6,1,1
310,44,2020-12-24,2020-12-28,4,204,1072.60,7,6,0,1
311,44,2020-07-30,2020-08-01,2,204,623.80,5,3,2,0
312,44,2020-09-22,2020-09-24,2,204,623.80,6,5,1,0
313,44,2020-08-26,2020-08-30,4,204,1072.60,3,2,1,0
314,44,2020-09-21,2020-09-23,2,204,623.80,8,5,2,1
315,45,2020-10-09,2020-10-11,2,188,588.60,8,6,2,0
316,45,2020-11-17,2020-11-19,2,188,588.60,4,3,1,0
317,45,2020-09-13,2020-09-18,5,188,1209.00,4,1,1,2
318,45,2020-08-09,2020-08-17,8,188,1829.40,2,1,1,0
319,45,2020-07-11,2020-07-21,10,188,2243.00,8,7,1,0
320,45,2020-09-02,2020-09-03,1,188,381.80,4,2,1,1
321,45,2020-06-22,2020-06-26,4,188,1002.20,8,8,0,0
322,45,2020-07-29,2020-08-07,9,188,2036.20,8,8,0,0
323,46,2020-11-28,2020-11-30,2,258,742.60,6,6,0,0
324,46,2020-10-22,2020-10-28,6,258,1877.80,2,1,0,1
325,46,2020-11-01,2020-11-06,5,258,1594.00,6,6,0,0
326,46,2020-11-01,2020-11-08,7,258,2161.60,6,5,1,0
327,46,2020-11-20,2020-11-26,6,258,1877.80,6,4,0,2
328,46,2020-12-05,2020-12-14,9,258,2729.20,2,1,1,0
329,46,2020-06-21,2020-06-26,5,258,1594.00,4,1,2,1
330,46,2020-08-26,2020-08-31,5,258,1594.00,6,6,0,0
331,47,2020-07-20,2020-07-29,9,387,4006.30,6,3,1,2
332,47,2020-08-09,2020-08-15,6,387,2729.20,5,2,2,1
333,47,2020-10-16,2020-10-20,4,387,1877.80,7,5,2,0
334,47,2020-10-17,2020-10-18,1,387,600.70,5,4,0,1
335,47,2020-11-03,2020-11-07,4,387,1877.80,9,9,0,0
336,47,2020-07-31,2020-08-08,8,387,3580.60,4,1,2,1
337,47,2020-07-19,2020-07-22,3,387,1452.10,9,9,0,0
338,48,2020-11-22,2020-11-27,5,139,939.50,5,5,0,0
339,48,2020-11-27,2020-11-28,1,139,327.90,4,1,2,1
340,48,2020-11-16,2020-11-18,2,139,480.80,3,3,0,0
341,48,2020-11-17,2020-11-19,2,139,480.80,5,4,1,0
342,48,2020-07-06,2020-07-10,4,139,786.60,3,1,0,2
343,48,2020-08-16,2020-08-22,6,139,1092.40,4,3,1,0
344,48,2020-07-23,2020-07-29,6,139,1092.40,5,3,1,1
345,48,2020-10-22,2020-11-01,10,139,1704.00,5,5,0,0
346,49,2020-08-05,2020-08-14,9,264,2788.60,8,6,1,1
347,49,2020-08-18,2020-08-19,1,264,465.40,8,5,1,2
348,49,2020-07-15,2020-07-20,5,264,1627.00,3,1,2,0
349,49,2020-12-07,2020-12-08,1,264,465.40,8,5,1,2
350,49,2020-08-03,2020-08-09,6,264,1917.40,5,2,1,2
351,49,2020-09-28,2020-09-29,1,264,465.40,6,6,0,0
352,49,2020-07-06,2020-07-11,5,264,1627.00,6,4,0,2
353,49,2020-11-01,2020-11-09,8,264,2498.20,2,1,1,0
354,49,2020-12-04,2020-12-14,10,264,3079.00,11,9,2,0
355,50,2020-07-20,2020-07-28,8,306,2867.80,7,6,1,0
356,50,2020-11-22,2020-11-24,2,306,848.20,5,4,1,0
357,50,2020-10-27,2020-11-01,5,306,1858.00,6,5,0,1
358,50,2020-08-04,2020-08-08,4,306,1521.40,8,8,0,0
359,50,2020-12-18,2020-12-27,9,306,3204.40,8,8,0,0
360,50,2020-10-11,2020-10-16,5,306,1858.00,5,3,2,0
361,50,2020-07-14,2020-07-18,4,306,1521.40,5,2,1,2
362,50,2020-07-07,2020-07-14,7,306,2531.20,8,8,0,0
363,51,2020-11-17,2020-11-22,5,188,1209.00,6,3,2,1
364,51,2020-12-07,2020-12-15,8,188,1829.40,9,9,0,0
365,51,2020-11-25,2020-11-26,1,188,381.80,6,6,0,0
366,51,2020-12-18,2020-12-28,10,188,2243.00,9,7,1,1
367,51,2020-11-28,2020-12-05,7,188,1622.60,10,8,0,2
368,51,2020-07-27,2020-07-29,2,188,588.60,5,3,0,2
369,52,2020-06-28,2020-07-05,7,371,3031.70,2,1,1,0
370,52,2020-09-03,2020-09-05,2,371,991.20,2,1,1,0
371,52,2020-09-23,2020-09-29,6,371,2623.60,2,1,0,1
372,52,2020-11-13,2020-11-23,10,371,4256.00,2,1,1,0
373,52,2020-07-01,2020-07-03,2,371,991.20,2,1,0,1
374,52,2020-09-13,2020-09-20,7,371,3031.70,2,2,0,0
375,52,2020-09-06,2020-09-13,7,371,3031.70,2,2,0,0
376,53,2020-09-02,2020-09-12,10,210,2485.00,4,2,2,0
377,53,2020-11-08,2020-11-16,8,210,2023.00,4,4,0,0
378,53,2020-10-12,2020-10-15,3,210,868.00,3,3,0,0
379,53,2020-11-20,2020-11-30,10,210,2485.00,2,1,1,0
380,53,2020-09-02,2020-09-03,1,210,406.00,3,3,0,0
381,53,2020-11-03,2020-11-06,3,210,868.00,4,2,2,0
382,53,2020-10-26,2020-10-27,1,210,406.00,3,1,1,1
383,54,2020-12-01,2020-12-06,5,409,2424.50,6,3,2,1
384,54,2020-07-09,2020-07-14,5,409,2424.50,5,4,1,0
385,54,2020-10-08,2020-10-16,8,409,3774.20,9,6,1,2
386,54,2020-06-21,2020-06-30,9,409,4224.10,3,3,0,0
387,54,2020-07-16,2020-07-19,3,409,1524.70,9,6,2,1
388,54,2020-12-12,2020-12-19,7,409,3324.30,10,9,1,0
389,54,2020-12-27,2021-01-03,7,409,3324.30,10,10,0,0
390,54,2020-12-27,2021-01-04,8,409,3774.20,5,2,2,1
391,55,2020-12-06,2020-12-14,8,229,2190.20,4,4,0,0
392,55,2020-08-03,2020-08-06,3,229,930.70,4,4,0,0
393,55,2020-10-29,2020-11-08,10,229,2694.00,2,1,0,1
394,55,2020-09-28,2020-09-30,2,229,678.80,3,2,0,1
395,55,2020-07-29,2020-07-31,2,229,678.80,4,2,1,1
396,55,2020-12-30,2021-01-08,9,229,2442.10,3,1,0,2
397,55,2020-09-03,2020-09-10,7,229,1938.30,3,2,0,1
398,56,2020-08-01,2020-08-10,9,379,3927.10,6,4,1,1
399,56,2020-11-15,2020-11-21,6,379,2676.40,7,4,2,1
400,56,2020-11-27,2020-12-05,8,379,3510.20,7,3,2,2
401,56,2020-10-09,2020-10-12,3,379,1425.70,3,3,0,0
402,56,2020-08-21,2020-08-31,10,379,4344.00,8,8,0,0
403,56,2020-10-27,2020-10-31,4,379,1842.60,4,1,1,2
404,56,2020-12-24,2021-01-02,9,379,3927.10,7,4,1,2
405,56,2020-11-25,2020-12-01,6,379,2676.40,4,1,2,1
406,57,2020-12-06,2020-12-15,9,259,2739.10,2,1,0,1
407,57,2020-09-24,2020-09-28,4,259,1314.60,2,2,0,0
408,57,2020-12-02,2020-12-08,6,259,1884.40,2,1,1,0
409,57,2020-12-28,2021-01-03,6,259,1884.40,2,1,1,0
410,57,2020-12-27,2020-12-28,1,259,459.90,2,2,0,0
411,58,2020-07-23,2020-07-27,4,293,1464.20,9,6,1,2
412,58,2020-09-02,2020-09-06,4,293,1464.20,11,11,0,0
413,58,2020-11-13,2020-11-16,3,293,1141.90,8,6,0,2
414,58,2020-11-29,2020-12-01,2,293,819.60,4,3,0,1
415,58,2020-11-18,2020-11-25,7,293,2431.10,11,10,1,0
416,58,2020-06-28,2020-07-07,9,293,3075.70,7,6,1,0
417,58,2020-12-23,2020-12-26,3,293,1141.90,10,10,0,0
418,58,2020-10-11,2020-10-12,1,293,497.30,11,11,0,0
419,58,2020-11-28,2020-12-02,4,293,1464.20,6,6,0,0
420,59,2020-08-12,2020-08-20,8,334,3114.20,3,1,2,0
421,59,2020-08-06,2020-08-12,6,334,2379.40,2,2,0,0
422,59,2020-08-12,2020-08-22,10,334,3849.00,1,1,0,0
423,59,2020-10-06,2020-10-13,7,334,2746.80,3,2,1,0
424,59,2020-10-21,2020-10-23,2,334,909.80,3,3,0,0
425,60,2020-07-23,2020-07-25,2,221,661.20,2,2,0,0
426,60,2020-09-21,2020-09-26,5,221,1390.50,2,2,0,0
427,60,2020-12-21,2020-12-27,6,221,1633.60,2,2,0,0
428,60,2020-12-05,2020-12-09,4,221,1147.40,2,2,0,0
429,60,2020-07-08,2020-07-12,4,221,1147.40,2,1,0,1
430,61,2020-10-05,2020-10-13,8,260,2463.00,3,2,1,0
431,61,2020-06-19,2020-06-22,3,260,1033.00,3,2,1,0
432,61,2020-07-13,2020-07-23,10,260,3035.00,3,3,0,0
433,61,2020-09-26,2020-10-05,9,260,2749.00,3,2,1,0
434,61,2020-09-16,2020-09-19,3,260,1033.00,3,2,0,1
435,61,2020-07-01,2020-07-10,9,260,2749.00,3,3,0,0
436,62,2020-08-20,2020-08-29,9,175,1907.50,7,6,1,0
437,62,2020-10-14,2020-10-16,2,175,560.00,7,5,2,0
438,62,2020-07-17,2020-07-18,1,175,367.50,1,1,0,0
439,62,2020-09-23,2020-10-03,10,175,2100.00,7,6,1,0
440,62,2020-06-25,2020-07-01,6,175,1330.00,7,6,0,1
441,63,2020-07-03,2020-07-07,4,435,2089.00,8,8,0,0
442,63,2020-06-30,2020-07-05,5,435,2567.50,9,9,0,0
443,63,2020-11-22,2020-11-29,7,435,3524.50,7,6,1,0
444,63,2020-11-24,2020-11-30,6,435,3046.00,1,1,0,0
445,63,2020-10-28,2020-10-30,2,435,1132.00,8,5,1,2
446,63,2020-06-25,2020-07-04,9,435,4481.50,9,9,0,0
447,63,2020-11-14,2020-11-17,3,435,1610.50,8,6,1,1
448,63,2020-09-12,2020-09-16,4,435,2089.00,9,9,0,0
449,64,2020-10-02,2020-10-07,5,423,2501.50,8,7,1,0
450,64,2020-08-19,2020-08-22,3,423,1570.90,8,5,2,1
451,64,2020-10-19,2020-10-20,1,423,640.30,4,3,1,0
452,64,2020-07-27,2020-07-30,3,423,1570.90,10,10,0,0
453,64,2020-09-23,2020-09-27,4,423,2036.20,10,10,0,0
454,64,2020-12-19,2020-12-29,10,423,4828.00,9,6,2,1
455,64,2020-09-16,2020-09-23,7,423,3432.10,5,3,2,0
456,64,2020-07-19,2020-07-23,4,423,2036.20,10,8,0,2
457,65,2020-12-23,2020-12-29,6,135,1066.00,8,8,0,0
458,65,2020-12-06,2020-12-15,9,135,1511.50,5,5,0,0
459,65,2020-07-14,2020-07-15,1,135,323.50,6,4,2,0
460,65,2020-12-08,2020-12-12,4,135,769.00,8,6,1,1
461,65,2020-06-29,2020-07-01,2,135,472.00,4,2,2,0
462,66,2020-08-09,2020-08-18,9,430,4432.00,5,4,0,1
463,66,2020-10-15,2020-10-24,9,430,4432.00,4,2,0,2
464,66,2020-08-07,2020-08-12,5,430,2540.00,6,5,1,0
465,66,2020-08-10,2020-08-12,2,430,1121.00,7,6,0,1
466,66,2020-08-26,2020-09-01,6,430,3013.00,7,4,2,1
467,66,2020-12-01,2020-12-04,3,430,1594.00,2,1,1,0
468,66,2020-07-08,2020-07-13,5,430,2540.00,9,7,0,2
469,66,2020-10-01,2020-10-05,4,430,2067.00,7,3,2,2
470,67,2020-11-01,2020-11-09,8,176,1723.80,3,1,0,2
471,67,2020-08-04,2020-08-09,5,176,1143.00,9,7,2,0
472,67,2020-09-01,2020-09-03,2,176,562.20,2,2,0,0
473,67,2020-11-28,2020-12-01,3,176,755.80,3,1,0,2
474,67,2020-07-14,2020-07-15,1,176,368.60,5,5,0,0
475,67,2020-10-19,2020-10-21,2,176,562.20,9,7,2,0
476,67,2020-12-01,2020-12-06,5,176,1143.00,9,8,1,0
477,68,2020-07-20,2020-07-21,1,359,569.90,3,1,0,2
478,68,2020-09-07,2020-09-16,9,359,3729.10,6,6,0,0
479,68,2020-10-24,2020-11-01,8,359,3334.20,4,2,2,0
480,68,2020-11-18,2020-11-22,4,359,1754.60,6,2,2,2
481,68,2020-11-14,2020-11-20,6,359,2544.40,6,6,0,0
482,68,2020-07-17,2020-07-21,4,359,1754.60,6,5,1,0
483,68,2020-07-26,2020-08-01,6,359,2544.40,5,2,2,1
484,69,2020-07-22,2020-07-23,1,168,359.80,2,2,0,0
485,69,2020-08-26,2020-08-27,1,168,359.80,2,1,1,0
486,69,2020-10-08,2020-10-14,6,168,1283.80,2,2,0,0
487,69,2020-09-14,2020-09-21,7,168,1468.60,2,1,1,0
488,69,2020-07-13,2020-07-16,3,168,729.40,2,2,0,0
489,69,2020-07-01,2020-07-07,6,168,1283.80,2,1,0,1
490,69,2020-08-24,2020-08-26,2,168,544.60,2,1,1,0
491,70,2020-12-28,2020-12-31,3,350,1330.00,2,1,1,0
492,70,2020-09-06,2020-09-11,5,350,2100.00,2,1,1,0
493,70,2020-12-14,2020-12-23,9,350,3640.00,2,2,0,0
494,70,2020-08-29,2020-09-03,5,350,2100.00,2,2,0,0
495,70,2020-12-05,2020-12-06,1,350,560.00,2,1,1,0
496,70,2020-10-31,2020-11-02,2,350,945.00,2,2,0,0
497,70,2020-08-06,2020-08-13,7,350,2870.00,2,1,1,0
498,71,2020-10-18,2020-10-28,10,226,2661.00,6,5,1,0
499,71,2020-12-25,2020-12-29,4,226,1169.40,3,1,2,0
500,71,2020-10-17,2020-10-26,9,226,2412.40,6,3,1,2
501,71,2020-09-05,2020-09-12,7,226,1915.20,3,2,1,0
502,71,2020-08-17,2020-08-23,6,226,1666.60,3,3,0,0
503,71,2020-09-24,2020-10-04,10,226,2661.00,5,2,1,2
504,71,2020-09-01,2020-09-11,10,226,2661.00,6,4,1,1
505,71,2020-09-19,2020-09-25,6,226,1666.60,5,3,0,2
506,71,2020-11-18,2020-11-28,10,226,2661.00,2,2,0,0
507,72,2020-10-30,2020-11-07,8,134,1354.20,5,5,0,0
508,72,2020-10-12,2020-10-21,9,134,1501.60,4,2,1,1
509,72,2020-12-04,2020-12-09,5,134,912.00,5,5,0,0
510,72,2020-11-26,2020-12-03,7,134,1206.80,3,2,0,1
511,72,2020-08-28,2020-09-04,7,134,1206.80,5,5,0,0
512,72,2020-11-03,2020-11-09,6,134,1059.40,4,1,1,2
513,72,2020-10-29,2020-10-30,1,134,322.40,5,5,0,0
514,72,2020-12-03,2020-12-09,6,134,1059.40,2,2,0,0
515,72,2020-07-15,2020-07-17,2,134,469.80,5,3,2,0
516,73,2020-10-15,2020-10-17,2,186,584.20,4,3,1,0
517,73,2020-07-18,2020-07-25,7,186,1607.20,4,2,2,0
518,73,2020-07-18,2020-07-26,8,186,1811.80,4,4,0,0
519,73,2020-12-22,2020-12-25,3,186,788.80,4,4,0,0
520,73,2020-07-09,2020-07-18,9,186,2016.40,4,3,0,1
521,74,2020-09-13,2020-09-19,6,337,2399.20,2,1,1,0
522,74,2020-11-08,2020-11-10,2,337,916.40,2,1,1,0
523,74,2020-11-26,2020-11-27,1,337,545.70,1,1,0,0
524,74,2020-09-05,2020-09-07,2,337,916.40,2,2,0,0
525,74,2020-08-26,2020-08-28,2,337,916.40,2,2,0,0
526,74,2020-10-12,2020-10-14,2,337,916.40,2,2,0,0
527,74,2020-09-23,2020-10-03,10,337,3882.00,2,1,0,1
528,74,2020-10-03,2020-10-09,6,337,2399.20,2,2,0,0
529,75,2020-10-11,2020-10-21,10,479,5444.00,3,1,0,2
530,75,2020-10-06,2020-10-13,7,479,3863.30,6,6,0,0
531,75,2020-09-24,2020-10-04,10,479,5444.00,6,6,0,0
532,75,2020-09-30,2020-10-03,3,479,1755.70,5,2,2,1
533,75,2020-11-18,2020-11-24,6,479,3336.40,4,1,2,1
534,75,2020-07-05,2020-07-15,10,479,5444.00,4,1,1,2
535,75,2020-09-15,2020-09-23,8,479,4390.20,4,2,1,1
536,76,2020-06-18,2020-06-22,4,260,1319.00,5,2,1,2
537,76,2020-08-25,2020-09-03,9,260,2749.00,2,1,0,1
538,76,2020-08-05,2020-08-14,9,260,2749.00,1,1,0,0
539,76,2020-06-24,2020-06-25,1,260,461.00,5,4,1,0
540,76,2020-10-13,2020-10-19,6,260,1891.00,5,4,1,0
541,76,2020-09-23,2020-09-25,2,260,747.00,5,4,1,0
542,77,2020-07-23,2020-07-26,3,143,646.90,4,2,2,0
543,77,2020-10-18,2020-10-28,10,143,1748.00,4,2,1,1
544,77,2020-11-02,2020-11-04,2,143,489.60,3,1,2,0
545,77,2020-11-17,2020-11-25,8,143,1433.40,4,3,1,0
546,77,2020-09-21,2020-09-30,9,143,1590.70,4,3,1,0
547,77,2020-10-14,2020-10-15,1,143,332.30,4,3,0,1
548,77,2020-08-06,2020-08-07,1,143,332.30,4,4,0,0
549,77,2020-12-25,2020-12-26,1,143,332.30,4,4,0,0
550,78,2020-10-31,2020-11-02,2,330,901.00,5,4,1,0
551,78,2020-10-26,2020-11-03,8,330,3079.00,8,8,0,0
552,78,2020-12-23,2021-01-01,9,330,3442.00,10,9,1,0
553,78,2020-10-15,2020-10-24,9,330,3442.00,8,8,0,0
554,78,2020-11-07,2020-11-13,6,330,2353.00,6,5,1,0
555,79,2020-12-07,2020-12-14,7,291,2415.70,5,3,2,0
556,79,2020-11-30,2020-12-05,5,291,1775.50,8,6,2,0
557,79,2020-07-09,2020-07-17,8,291,2735.80,9,5,2,2
558,79,2020-08-04,2020-08-06,2,291,815.20,10,10,0,0
559,79,2020-09-18,2020-09-24,6,291,2095.60,7,3,2,2
560,79,2020-06-17,2020-06-18,1,291,495.10,10,9,1,0
561,79,2020-09-25,2020-09-27,2,291,815.20,9,8,1,0
562,79,2020-12-20,2020-12-25,5,291,1775.50,5,4,0,1
563,79,2020-08-07,2020-08-10,3,291,1135.30,3,1,0,2
564,80,2020-07-29,2020-08-06,8,124,1266.20,7,5,2,0
565,80,2020-07-27,2020-07-31,4,124,720.60,7,7,0,0
566,80,2020-06-20,2020-06-24,4,124,720.60,7,7,0,0
567,80,2020-12-22,2020-12-27,5,124,857.00,1,1,0,0
568,80,2020-07-22,2020-07-28,6,124,993.40,4,3,1,0
569,80,2020-09-08,2020-09-11,3,124,584.20,7,4,2,1
570,80,2020-11-14,2020-11-15,1,124,311.40,2,1,0,1
571,80,2020-07-28,2020-08-04,7,124,1129.80,2,1,1,0
572,80,2020-10-09,2020-10-13,4,124,720.60,6,5,1,0
573,81,2020-11-01,2020-11-07,6,280,2023.00,11,8,1,2
574,81,2020-08-21,2020-08-30,9,280,2947.00,8,8,0,0
575,81,2020-11-17,2020-11-23,6,280,2023.00,6,2,2,2
576,81,2020-07-09,2020-07-16,7,280,2331.00,11,11,0,0
577,81,2020-11-08,2020-11-09,1,280,483.00,9,9,0,0
578,81,2020-10-12,2020-10-17,5,280,1715.00,11,9,2,0
579,81,2020-06-25,2020-07-03,8,280,2639.00,9,7,1,1
580,81,2020-07-19,2020-07-27,8,280,2639.00,11,8,1,2
581,81,2020-10-18,2020-10-25,7,280,2331.00,6,5,1,0
582,82,2020-10-15,2020-10-16,1,182,375.20,8,8,0,0
583,82,2020-11-12,2020-11-21,9,182,1976.80,8,7,1,0
584,82,2020-12-19,2020-12-21,2,182,575.40,5,5,0,0
585,82,2020-11-13,2020-11-22,9,182,1976.80,6,4,0,2
586,82,2020-07-25,2020-07-26,1,182,375.20,2,1,0,1
587,83,2020-09-29,2020-10-03,4,333,1640.20,6,3,1,2
588,83,2020-12-28,2021-01-03,6,333,2372.80,3,1,1,1
589,83,2020-09-15,2020-09-21,6,333,2372.80,6,5,0,1
590,83,2020-07-28,2020-08-04,7,333,2739.10,4,3,1,0
591,83,2020-09-27,2020-10-05,8,333,3105.40,4,3,0,1
592,83,2020-07-14,2020-07-22,8,333,3105.40,7,7,0,0
593,83,2020-10-30,2020-11-08,9,333,3471.70,7,7,0,0
594,83,2020-06-26,2020-06-28,2,333,907.60,7,6,1,0
595,84,2020-08-08,2020-08-13,5,366,2188.00,3,3,0,0
596,84,2020-08-07,2020-08-08,1,366,577.60,3,3,0,0
597,84,2020-10-27,2020-10-31,4,366,1785.40,3,3,0,0
598,84,2020-09-05,2020-09-10,5,366,2188.00,3,1,2,0
599,84,2020-10-20,2020-10-29,9,366,3798.40,3,2,1,0
600,84,2020-11-08,2020-11-13,5,366,2188.00,3,3,0,0
601,85,2020-12-06,2020-12-11,5,118,824.00,3,1,0,2
602,85,2020-09-26,2020-10-02,6,118,953.80,12,9,2,1
603,85,2020-06-29,2020-07-03,4,118,694.20,9,8,1,0
604,85,2020-07-25,2020-07-31,6,118,953.80,12,10,1,1
605,85,2020-06-30,2020-07-04,4,118,694.20,9,6,1,2
606,85,2020-08-21,2020-08-29,8,118,1213.40,8,7,0,1
607,85,2020-10-08,2020-10-14,6,118,953.80,5,2,2,1
608,86,2020-07-15,2020-07-22,7,476,3840.20,6,5,1,0
609,86,2020-09-13,2020-09-20,7,476,3840.20,6,5,1,0
610,86,2020-06-18,2020-06-28,10,476,5411.00,6,4,0,2
611,86,2020-10-12,2020-10-13,1,476,698.60,6,5,1,0
612,86,2020-09-05,2020-09-15,10,476,5411.00,6,6,0,0
613,87,2020-10-17,2020-10-18,1,246,445.60,7,7,0,0
614,87,2020-10-18,2020-10-24,6,246,1798.60,6,4,1,1
615,87,2020-07-23,2020-08-02,10,246,2881.00,4,2,0,2
616,87,2020-07-08,2020-07-12,4,246,1257.40,8,6,2,0
617,87,2020-08-27,2020-09-01,5,246,1528.00,6,3,1,2
618,87,2020-11-04,2020-11-13,9,246,2610.40,7,6,1,0
619,88,2020-10-04,2020-10-09,5,349,2094.50,3,1,1,1
620,88,2020-11-29,2020-12-07,8,349,3246.20,8,6,0,2
621,88,2020-07-18,2020-07-21,3,349,1326.70,6,2,2,2
622,88,2020-06-28,2020-06-29,1,349,558.90,6,4,2,0
623,88,2020-08-04,2020-08-12,8,349,3246.20,8,5,2,1
624,89,2020-11-12,2020-11-21,9,385,3986.50,6,3,2,1
625,89,2020-12-11,2020-12-16,5,385,2292.50,6,5,0,1
626,89,2020-10-14,2020-10-23,9,385,3986.50,6,2,2,2
627,89,2020-09-29,2020-10-05,6,385,2716.00,6,6,0,0
628,89,2020-08-25,2020-08-30,5,385,2292.50,6,5,1,0
629,89,2020-09-18,2020-09-20,2,385,1022.00,3,2,0,1
630,89,2020-08-09,2020-08-19,10,385,4410.00,6,5,1,0
631,89,2020-09-28,2020-09-29,1,385,598.50,5,3,1,1
632,90,2020-08-04,2020-08-13,9,340,3541.00,9,8,1,0
633,90,2020-09-19,2020-09-21,2,340,923.00,10,10,0,0
634,90,2020-12-30,2021-01-05,6,340,2419.00,9,9,0,0
635,90,2020-10-15,2020-10-22,7,340,2793.00,4,1,2,1
636,90,2020-07-31,2020-08-09,9,340,3541.00,3,3,0,0
637,90,2020-08-06,2020-08-11,5,340,2045.00,7,6,0,1
638,90,2020-12-27,2021-01-01,5,340,2045.00,5,2,2,1
639,91,2020-09-20,2020-09-28,8,433,3985.40,6,4,1,1
640,91,2020-10-25,2020-10-29,4,433,2080.20,8,6,2,0
641,91,2020-07-09,2020-07-17,8,433,3985.40,1,1,0,0
642,91,2020-09-23,2020-10-01,8,433,3985.40,1,1,0,0
643,91,2020-08-27,2020-09-03,7,433,3509.10,3,3,0,0
644,92,2020-06-20,2020-06-28,8,349,3246.20,9,6,2,1
645,92,2020-08-16,2020-08-19,3,349,1326.70,11,11,0,0
646,92,2020-10-09,2020-10-13,4,349,1710.60,11,11,0,0
647,92,2020-11-05,2020-11-08,3,349,1326.70,8,8,0,0
648,92,2020-11-10,2020-11-17,7,349,2862.30,8,7,1,0
649,93,2020-11-30,2020-12-07,7,290,2408.00,3,3,0,0
650,93,2020-08-14,2020-08-18,4,290,1451.00,4,2,1,1
651,93,2020-10-23,2020-11-02,10,290,3365.00,2,1,0,1
652,93,2020-11-02,2020-11-11,9,290,3046.00,3,1,0,2
653,93,2020-12-24,2020-12-29,5,290,1770.00,4,4,0,0
654,93,2020-08-05,2020-08-11,6,290,2089.00,4,2,2,0
655,93,2020-11-01,2020-11-07,6,290,2089.00,4,1,2,1
656,93,2020-10-14,2020-10-18,4,290,1451.00,4,4,0,0
657,94,2020-07-21,2020-07-31,10,163,1968.00,3,3,0,0
658,94,2020-07-16,2020-07-25,9,163,1788.70,5,2,2,1
659,94,2020-08-18,2020-08-24,6,163,1250.80,4,2,2,0
660,94,2020-12-28,2021-01-01,4,163,892.20,7,7,0,0
661,94,2020-11-13,2020-11-20,7,163,1430.10,7,6,0,1
662,94,2020-10-12,2020-10-13,1,163,354.30,7,3,2,2
663,94,2020-10-14,2020-10-15,1,163,354.30,7,5,2,0
664,94,2020-09-09,2020-09-13,4,163,892.20,7,6,0,1
665,95,2020-08-01,2020-08-04,3,161,706.30,10,9,0,1
666,95,2020-10-05,2020-10-07,2,161,529.20,6,5,1,0
667,95,2020-11-03,2020-11-07,4,161,883.40,8,5,2,1
668,95,2020-07-21,2020-07-24,3,161,706.30,4,2,0,2
669,95,2020-10-07,2020-10-11,4,161,883.40,10,7,1,2
670,96,2020-08-11,2020-08-16,5,386,2298.00,4,2,1,1
671,96,2020-11-29,2020-12-03,4,386,1873.40,9,6,2,1
672,96,2020-07-07,2020-07-12,5,386,2298.00,9,7,2,0
673,96,2020-10-20,2020-10-30,10,386,4421.00,3,2,0,1
674,96,2020-07-19,2020-07-29,10,386,4421.00,7,5,1,1
675,96,2020-07-26,2020-08-02,7,386,3147.20,9,8,0,1
676,96,2020-07-27,2020-07-28,1,386,599.60,6,4,1,1
677,96,2020-10-17,2020-10-24,7,386,3147.20,9,6,2,1
678,96,2020-11-07,2020-11-08,1,386,599.60,5,2,1,2
679,97,2020-10-10,2020-10-14,4,325,1605.00,6,3,2,1
680,97,2020-10-02,2020-10-06,4,325,1605.00,5,2,1,2
681,97,2020-09-07,2020-09-12,5,325,1962.50,5,3,2,0
682,97,2020-09-16,2020-09-19,3,325,1247.50,8,7,0,1
683,97,2020-11-01,2020-11-10,9,325,3392.50,6,3,2,1
684,98,2020-11-25,2020-12-04,9,155,1709.50,5,3,2,0
685,98,2020-09-07,2020-09-10,3,155,686.50,3,1,1,1
686,98,2020-10-08,2020-10-16,8,155,1539.00,6,3,1,2
687,98,2020-08-27,2020-08-28,1,155,345.50,6,3,1,2
688,98,2020-08-11,2020-08-21,10,155,1880.00,10,9,1,0
689,98,2020-09-15,2020-09-17,2,155,516.00,3,1,0,2
690,98,2020-10-16,2020-10-26,10,155,1880.00,9,7,0,2
691,99,2020-08-18,2020-08-21,3,479,1755.70,3,2,1,0
692,99,2020-12-06,2020-12-07,1,479,701.90,3,3,0,0
693,99,2020-10-15,2020-10-22,7,479,3863.30,3,3,0,0
694,99,2020-10-09,2020-10-17,8,479,4390.20,3,3,0,0
695,99,2020-07-17,2020-07-21,4,479,2282.60,3,2,0,1
696,99,2020-09-06,2020-09-07,1,479,701.90,3,1,2,0
697,99,2020-06-27,2020-07-06,9,479,4917.10,3,1,1,1
698,99,2020-10-06,2020-10-08,2,479,1228.80,3,1,2,0
699,99,2020-10-28,2020-11-06,9,479,4917.10,3,2,1,0
700,100,2020-09-18,2020-09-28,10,227,2672.00,12,12,0,0
701,100,2020-10-07,2020-10-10,3,227,924.10,6,4,0,2
702,100,2020-09-28,2020-10-07,9,227,2422.30,7,3,2,2
703,100,2020-08-17,2020-08-23,6,227,1673.20,12,8,2,2
704,100,2020-12-01,2020-12-06,5,227,1423.50,12,11,1,0
705,100,2020-09-04,2020-09-13,9,227,2422.30,9,8,1,0
